{
  "gold_fx_last_sent": 1763198749.621483,
  "weather_last_sent": 1763198749.621483,
  "news_last_sent": 1763198749.621483
}